<?xml version="1.0" encoding="utf-8" standalone="yes"?>
<?xml-stylesheet type="text/xsl" href="modx.prosilver.en.xsl"?>
<!--For security purposes, please check: http://www.phpbb.com/mods/ for the latest version of this MOD. Although MODs are checked before being allowed in the MODs Database there is no guarantee that there are no security problems within the MOD. No support will be given for MODs not found within the MODs Database which can be found at http://www.phpbb.com/mods/-->
<mod xmlns:xsi="http://www.w3.org/2001/XMLSchema-instance" xmlns="http://www.phpbb.com/mods/xml/modx-1.0.xsd">
  <header>
    <title lang="en-gb">Advanced Quick Reply</title>
    <description lang="en-gb">
Add quick reply box in the end of viewtopic with some options how:
Attach sing
Quote Selected
Notify reply
Enable/Disable quick reply box
Enable/Disable colorize nicks
Enable/Disable quote the last message

http://www.suportephpbb.org
</description>
    <author-notes lang="en-gb">
You can check updates for this mod in www.suportephpbb.org.
This MOD has tested in phpBB RC1
</author-notes>
    <author-group>
      <author>
        <email>brunovier@suportephpbb.org</email>
        <username>Z3u5</username>
        <homepage>http://www.suportephpbb.org</homepage>
        <contributions />
      </author>
    </author-group>
    <mod-version>
      <major>0</major>
      <minor>2</minor>
      <revision>0</revision>
    </mod-version>
    <installation>
      <level>easy</level>
      <time>367</time>
      <target-version>
        <target-primary>2.0.0</target-primary>
        <target-major allow="exact">2</target-major>
        <target-minor allow="exact">0</target-minor>
      </target-version>
    </installation>
    <history>
      <entry>
        <date>2007-06-05</date>
        <rev-version>
          <major>0</major>
          <minor>2</minor>
          <revision>0</revision>
        </rev-version>
        <changelog lang="en-gb">
          <change> Fixed focus textarea</change>
          <change> Fixed Subject in quick reply</change>
          <change> Added option to enable bbcode buttons</change>
        </changelog>
      </entry>
      <entry>
        <date>2007-06-05</date>
        <rev-version>
          <major>0</major>
          <minor>1</minor>
          <revision>5</revision>
        </rev-version>
        <changelog lang="en-gb">
          <change> Fixed quote last message smilie</change>
        </changelog>
      </entry>
      <entry>
        <date>2007-06-02</date>
        <rev-version>
          <major>0</major>
          <minor>1</minor>
          <revision>4</revision>
        </rev-version>
        <changelog lang="en-gb">
          <change> Fixed javascript error for Anonymous User</change>
        </changelog>
      </entry>
      <entry>
        <date>2007-06-02</date>
        <rev-version>
          <major>0</major>
          <minor>1</minor>
          <revision>3</revision>
        </rev-version>
        <changelog lang="en-gb">
          <change> Added Subsilver2 template</change>
        </changelog>
      </entry>
      <entry>
        <date>2007-05-29</date>
        <rev-version>
          <major>0</major>
          <minor>1</minor>
          <revision>2</revision>
        </rev-version>
        <changelog lang="en-gb">
          <change> Fixed javascript error</change>
          <change> Fixed incompatibility with Firefox</change>
        </changelog>
      </entry>
      <entry>
        <date>2007-05-29</date>
        <rev-version>
          <major>0</major>
          <minor>1</minor>
          <revision>1</revision>
        </rev-version>
        <changelog lang="en-gb">
          <change> Add Optoin of colorize</change>
        </changelog>
      </entry>
      <entry>
        <date>2007-05-28</date>
        <rev-version>
          <major>0</major>
          <minor>1</minor>
          <revision>0</revision>
        </rev-version>
        <changelog lang="en-gb">
          <change> Initial Release</change>
        </changelog>
      </entry>
    </history>
    <meta name="generator" content="Phpbb.ModTeam.Tools (c#)" />
  </header>
  <action-group>
    <copy>
      <file from="root/*.*" to="phpBB3 root/*.*" />
    </copy>
    <open src="viewtopic.php">
      <edit>
        <find>// Output the posts
$first_unread = $post_unread = false;
</find>
        <action type="before-add">//-- mod : Advanced Quick Reply ---------------------------------------------------------------------
$last_post = end($rowset);
//-- fin mod : Advanced Quick Reply -----------------------------------------------------------------

</action>
      </edit>
      <edit>
        <find>page_footer();
</find>
        <action type="before-add">//-- mod : Advanced Quick Reply ---------------------------------------------------------------------
include $phpbb_root_path . 'includes/quickreply.' . $phpEx;
$QuickReply = new QuickReply($topic_id, $forum_id, $topic_data, $last_post);
//-- fin mod : Advanced Quick Reply -----------------------------------------------------------------
</action>
      </edit>
    </open>
    <open src="styles/prosiver/template/editor.js">
      <edit>
        <find><![CDATA[function initInsertions() 
{
	var doc;

	if( document.forms[form_name])
	{
		doc = document;
	}
	else 
	{
		doc = opener.document;
	}

	var textarea = doc.forms[form_name].elements[text_name];
	if (is_ie && typeof(baseHeight) != 'number')
	{
		textarea.focus();
		baseHeight = doc.selection.createRange().duplicate().boundingHeight;
		document.body.focus();
	}
}
]]></find>
        <action type="replace-with"><![CDATA[function initInsertions() 
{
	var doc;

	if( document.forms[form_name])
	{
		doc = document;
	}
	else 
	{
		doc = opener.document;
	}

	var textarea = doc.forms[form_name].elements[text_name];
	if (is_ie && typeof(baseHeight) != 'number')
	{
//	Remove by Quick Reply		textarea.focus();
		baseHeight = doc.selection.createRange().duplicate().boundingHeight;
		document.body.focus();
	}
}

//Quick Reply
var isNav4Min = (navigator.appName == "Netscape" && parseInt(navigator.appVersion) >= 4)
var isIE4Min = (navigator.appName.indexOf("Microsoft") != -1 && parseInt(navigator.appVersion) >= 4)
function quoteSelection() 
{
	var userSelection = false;
	var textarea = document.postform.message;

	if (isNav4Min && window.getSelection() !=  '') {
		userSelection = window.getSelection();
	}
	else if (isIE4Min && document.selection) {
		userSelection = document.selection.createRange().text;
	}
			
	if (userSelection) {
		insert_text( '[quote]\n' + userSelection + '\n[/quote]\n', true, false);
		textarea.focus();
		userSelection = '';
		return;
	}
	else
	{
		alert('{L_NO_TEXT_SELECTED}');
	}
}

function checkForm() {
	formErrors = false;
		
	if (document.postform.message.value.length <= 2) {
		formErrors = '{TOO_FEW_CHARS}';
	}

	if (formErrors)
	{
		alert(formErrors);
		return false;
	} 
	else
	{
		if (document.postform.quote_last_msg.checked) 
		{
			document.postform.message.value = document.postform.last_post.value + document.postform.message.value;
		} 
		return true;
	}
}
//Quick Reply

]]></action>
      </edit>
    </open>
    <open src="styles/prosiver/template/viewtopic_body.html">
      <edit>
        <find><![CDATA[				<!-- IF not postrow.U_POST_AUTHOR --><strong>{postrow.POST_AUTHOR_FULL}</strong><!-- ELSE -->{postrow.POST_AUTHOR_FULL}<!-- ENDIF -->
]]></find>
        <action type="replace-with"><![CDATA[			<!-- IF S_QR_ACTIVE -->
				<!-- IF S_QR_COLOR_NICK -->
					<!-- IF postrow.POST_AUTHOR_COLOUR -->	
					<a href="#" onclick="insert_text('[b][color={postrow.POST_AUTHOR_COLOUR}]{postrow.POST_AUTHOR}[/color][/b], ', true, false); return false;"><span style="color: {postrow.POST_AUTHOR_COLOUR};" class="username-coloured">{postrow.POST_AUTHOR}</span></a>
					<!-- ELSE -->
					<a href="#" onclick="insert_text('[b]{postrow.POST_AUTHOR}[/b], ', true, false); return false;"><span style="color: {postrow.POST_AUTHOR_COLOUR};" class="username-coloured">{postrow.POST_AUTHOR}</span></a>					
					<!-- ENDIF -->
				<!-- ELSE -->
					<a href="#" onclick="insert_text('[b]{postrow.POST_AUTHOR}[/b], ', true, false); return false;"><span style="color: {postrow.POST_AUTHOR_COLOUR};" class="username-coloured">{postrow.POST_AUTHOR}</span></a>			
				<!-- ENDIF -->
			<!-- ELSE -->
				{postrow.POST_AUTHOR_FULL}			
			<!-- ENDIF -->
]]></action>
      </edit>
      <edit>
        <find><![CDATA[<!-- INCLUDE jumpbox.html -->
]]></find>
        <action type="before-add"><![CDATA[<!-- INCLUDE quickreply_body.html -->
]]></action>
      </edit>
    </open>
  </action-group>
</mod>