<?xml version="1.0" encoding="utf-8" standalone="yes"?>
<?xml-stylesheet type="text/xsl" href="./xsl/modx.prosilver.en.xsl"?>
<!-- 
	NOTICE: Please open this file in your web browser. If presented with a security warning, you may safely tell it to allow the blocked content.
-->
<!--For security purposes, please check: http://www.phpbb.com/mods/ for the latest version of this MOD. Although MODs are checked before being allowed in the MODs Database there is no guarantee that there are no security problems within the MOD. No support will be given for MODs not found within the MODs Database which can be found at http://www.phpbb.com/mods/-->
<mod xmlns:xsi="http://www.w3.org/2001/XMLSchema-instance" xmlns="http://www.phpbb.com/mods/xml/modx-1.2.2.xsd">
	<header>
		<license>http://opensource.org/licenses/gpl-license.php GNU General Public License v2</license>
		<title lang="en">Prime Anti-bot</title>
		<description lang="en">This file provides instructions for installing the Spanish language portions of this MOD. See the main install file for any additional information about the MOD.</description>
		<author-group>
			<author>
				<realname>Ken F. Innes IV</realname>
				<email>primehalo@gmail.com</email>
				<username>primehalo</username>
			</author>
		</author-group>
		<mod-version>1.0.3</mod-version>
		<installation>
			<level>easy</level>
			<time>60</time>
			<target-version>3.0.4</target-version>
		</installation>
		<link-group>
			<link type="parent" href="../install.xml" lang="en">Main Install File</link>
		</link-group>
	</header>
	<action-group>
		<copy>
			<file from="root/language/es/mods/prime_captcha.php" to="language/es/mods/prime_captcha.php" />
			<file from="root/language/es/mods/prime_captcha_keys.php" to="language/es/mods/prime_captcha_keys.php" />
		</copy>
	</action-group>
</mod>