<?xml version="1.0" encoding="utf-8" standalone="yes"?>
<?xml-stylesheet type="text/xsl" href="./xsl/modx.prosilver.en.xsl"?>
<!-- 
	NOTICE: Please open this file in your web browser. If presented with a security warning, you may safely tell it to allow the blocked content.
-->
<!--For security purposes, please check: http://www.phpbb.com/mods/ for the latest version of this MOD. Although MODs are checked before being allowed in the MODs Database there is no guarantee that there are no security problems within the MOD. No support will be given for MODs not found within the MODs Database which can be found at http://www.phpbb.com/mods/-->
<mod xmlns:xsi="http://www.w3.org/2001/XMLSchema-instance" xmlns="http://www.phpbb.com/mods/xml/modx-1.2.2.xsd">
	<header>
		<license>http://opensource.org/licenses/gpl-license.php GNU General Public License v2</license>
		<title lang="en">Prime CAPTCHA</title>
		<description lang="en">This file provides instructions for upgrading the MOD. See the main install file for any additional information about the MOD.</description>
		<author-notes lang="en">This file provides instructions for upgrading the MOD. See the main install file for any additional information about the MOD.</author-notes>
		<author-group>
			<author>
				<realname>Ken F. Innes IV</realname>
				<email>primehalo@gmail.com</email>
				<username>primehalo</username>
				<homepage><![CDATA[http://www.absoluteanime.com/admin/mods.htm#captcha]]></homepage>
			</author>
		</author-group>
		<mod-version>1.0.0</mod-version>
		<installation>
			<level>easy</level>
			<time>180</time>
			<target-version>3.0.RC4</target-version>
		</installation>
	</header>
	<action-group>
		<copy>
			<file from="root/language/en/mods/prime_captcha.php" to="language/en/mods/prime_captcha.php" />
			<file from="root/includes/prime_captcha.php" to="includes/prime_captcha.php" />
		</copy>

		<open src="includes/acp/acp_board.php">
			<edit>
				<find><![CDATA[//-- mod: Prime CAPTCHA -----------------------------------------------------//
		$user->add_lang('mods/prime_captcha');
		if (!isset($config['prime_captcha_post']))
		{
			set_config('prime_captcha_post', 1);
		}
		if (!isset($config['prime_captcha_reg']))
		{
			set_config('prime_captcha_reg', 1);
		}
//-- end: Prime CAPTCHA -----------------------------------------------------//]]></find>
				<action type="replace-with"><![CDATA[//-- mod: Prime CAPTCHA -----------------------------------------------------//
		include($phpbb_root_path . 'includes/prime_captcha.' . $phpEx);
		$user->add_lang('mods/prime_captcha');
//-- end: Prime CAPTCHA -----------------------------------------------------//]]></action>
			</edit>

			<edit>
				<find><![CDATA[						'prime_captcha_post'	=> array('lang' => 'PRIME_CAPTCHA_POST',	'validate' => 'bool',	'type' => 'radio:yes_no', 'explain' => true),
						'prime_captcha_reg'		=> array('lang' => 'PRIME_CAPTCHA_REG',		'validate' => 'bool',	'type' => 'radio:yes_no', 'explain' => true),]]></find>
				<action type="replace-with"><![CDATA[						'prime_captcha_post'	=> array('lang' => 'PRIME_CAPTCHA_POST',	'validate' => 'int',	'type' => 'custom', 'function' => 'prime_captcha_make_options', 'params' => array('{KEY}', '{CONFIG_VALUE}'), 'explain' => true),
						'prime_captcha_reg'		=> array('lang' => 'PRIME_CAPTCHA_REG',		'validate' => 'int',	'type' => 'custom', 'function' => 'prime_captcha_make_options', 'params' => array('{KEY}', '{CONFIG_VALUE}'), 'explain' => true),]]></action>
			</edit>

			<edit>
				<find><![CDATA[						'prime_captcha_post'	=> array('lang' => 'PRIME_CAPTCHA_POST',	'validate' => 'bool',	'type' => 'radio:yes_no', 'explain' => true),]]></find>
				<action type="replace-with"><![CDATA[						'prime_captcha_post'	=> array('lang' => 'PRIME_CAPTCHA_POST',	'validate' => 'int',	'type' => 'custom', 'function' => 'prime_captcha_make_options', 'params' => array('{KEY}', '{CONFIG_VALUE}'), 'explain' => true),]]></action>
			</edit>

			<edit>
				<find><![CDATA[						'prime_captcha_reg'		=> array('lang' => 'PRIME_CAPTCHA_REG',		'validate' => 'bool',	'type' => 'radio:yes_no', 'explain' => true),]]></find>
				<action type="replace-with"><![CDATA[						'prime_captcha_reg'		=> array('lang' => 'PRIME_CAPTCHA_REG',		'validate' => 'int',	'type' => 'custom', 'function' => 'prime_captcha_make_options', 'params' => array('{KEY}', '{CONFIG_VALUE}'), 'explain' => true),]]></action>
			</edit>
		</open>


		<open src="includes/ucp/ucp_register.php">
			<edit>
				<find><![CDATA[			include_once($phpbb_root_path . 'includes/prime_captcha.' . $phpEx);]]></find>
				<action type="after-add"><![CDATA[			$prime_captcha = new prime_captcha();]]></action>
			</edit>

			<edit>
				<find><![CDATA[			if (isset($template->_rootref['PRIME_CAPTCHA_ERROR']))
			{
				$error[] = $template->_rootref['PRIME_CAPTCHA_ERROR'];
			}]]></find>
				<action type="replace-with"><![CDATA[			if ($prime_captcha->error)
			{
				$error[] = $user->lang[$prime_captcha->error];
			}]]></action>
			</edit>

			<edit>
				<find><![CDATA[		$s_hidden_fields = build_hidden_fields($s_hidden_fields);]]></find>
				<action type="after-add"><![CDATA[//-- mod: Prime CAPTCHA -----------------------------------------------------//
		$s_hidden_fields .= build_hidden_fields($prime_captcha->fields);
//-- end: Prime CAPTCHA -----------------------------------------------------//]]></action>
			</edit>
		</open>


		<open src="posting.php">
			<edit>
				<find><![CDATA[if (!empty($config['prime_captcha_post']) &&  $user->data['user_id'] == ANONYMOUS)
{
	include_once($phpbb_root_path . 'includes/prime_captcha.' . $phpEx);
}]]></find>
				<action type="replace-with"><![CDATA[if (!empty($config['prime_captcha_post']) && !$user->data['is_registered'] && in_array($mode, array('quote', 'post', 'reply')))
{
	include($phpbb_root_path . 'includes/prime_captcha.' . $phpEx);
	$prime_captcha = new prime_captcha();
	if ($prime_captcha->error)
	{
		$error[] = $user->lang[$prime_captcha->error];
	}
}]]></action>

			</edit>

			<edit>
				<comment lang="en">The Replace-with is intentionally left blank, indicating that the found text should be deleted.</comment>
				<find><![CDATA[//-- mod: Prime CAPTCHA -----------------------------------------------------//
	if (isset($template->_rootref['PRIME_CAPTCHA_ERROR']) && in_array($mode, array('quote', 'post', 'reply')))
	{
		$error[] = $template->_rootref['PRIME_CAPTCHA_ERROR'];
	}
//-- end: Prime CAPTCHA -----------------------------------------------------//
]]></find>
				<action type="replace-with"><![CDATA[]]></action>
			</edit>

			<edit>
				<find><![CDATA[$s_hidden_fields .= ($draft_id || isset($_REQUEST['draft_loaded'])) ? '<input type="hidden" name="draft_loaded" value="' . request_var('draft_loaded', $draft_id) . '" />' : '';]]></find>
				<action type="after-add"><![CDATA[//-- mod: Prime CAPTCHA -----------------------------------------------------//
$s_hidden_fields .= build_hidden_fields($prime_captcha->fields);
//-- end: Prime CAPTCHA -----------------------------------------------------//]]></action>
			</edit>
		</open>
	</action-group>
</mod>