<?xml version="1.0" encoding="utf-8" standalone="yes"?>
<?xml-stylesheet type="text/xsl" href="./xsl/modx.prosilver.en.xsl"?>
<!-- 
	NOTICE: Please open this file in your web browser. If presented with a security warning, you may safely tell it to allow the blocked content.
-->
<!--For security purposes, please check: http://www.phpbb.com/mods/ for the latest version of this MOD. Although MODs are checked before being allowed in the MODs Database there is no guarantee that there are no security problems within the MOD. No support will be given for MODs not found within the MODs Database which can be found at http://www.phpbb.com/mods/-->
<mod xmlns:xsi="http://www.w3.org/2001/XMLSchema-instance" xmlns="http://www.phpbb.com/mods/xml/modx-1.2.2.xsd">
	<header>
		<license>http://opensource.org/licenses/gpl-license.php GNU General Public License v2</license>
		<title lang="en">Prime CAPTCHA</title>
		<description lang="en">This file provides instructions for upgrading the MOD. See the main install file for any additional information about the MOD.</description>
		<author-notes lang="en">This file provides instructions for upgrading the MOD. See the main install file for any additional information about the MOD.</author-notes>
		<author-group>
			<author>
				<realname>Ken F. Innes IV</realname>
				<email>primehalo@gmail.com</email>
				<username>primehalo</username>
				<homepage><![CDATA[http://www.absoluteanime.com/admin/mods.htm#anti-bot]]></homepage>
			</author>
		</author-group>
		<mod-version>1.0.3</mod-version>
		<installation>
			<level>easy</level>
			<time>180</time>
			<target-version>3.0.2</target-version>
		</installation>
	</header>
	<action-group>
		<copy>
			<file from="root/includes/prime_captcha.php" to="includes/prime_captcha.php" />
			<file from="root/styles/prosilver/template/prime_captcha_inline.html" to="styles/prosilver/template/prime_captcha_inline.html" />
		</copy>

		<open src="includes/acp/acp_board.php">
			<edit>
				<comment lang="en">The Replace-with is intentionally left blank, indicating that the found text should be deleted.</comment>
				<find><![CDATA[//-- mod: Prime Anti-bot ----------------------------------------------------//
		include($phpbb_root_path . 'includes/prime_captcha.' . $phpEx);
		$user->add_lang('mods/prime_captcha');
//-- end: Prime Anti-bot ----------------------------------------------------//
]]></find>
				<action type="replace-with"><![CDATA[]]></action>
			</edit>
			<edit>
				<comment lang="en">The Replace-with is intentionally left blank, indicating that the found text should be deleted.</comment>
				<find><![CDATA[//-- mod: Prime Anti-bot ----------------------------------------------------//
						'prime_captcha_post'	=> array('lang' => 'PRIME_CAPTCHA_POST',	'validate' => 'int',	'type' => 'custom', 'function' => 'prime_captcha_make_options', 'params' => array('{KEY}', '{CONFIG_VALUE}'), 'explain' => true),
						'prime_captcha_reg'		=> array('lang' => 'PRIME_CAPTCHA_REG',		'validate' => 'int',	'type' => 'custom', 'function' => 'prime_captcha_make_options', 'params' => array('{KEY}', '{CONFIG_VALUE}'), 'explain' => true),
//-- end: Prime Anti-bot ----------------------------------------------------//
]]></find>
				<action type="replace-with"><![CDATA[]]></action>
			</edit>
			<edit>
				<comment lang="en">The Replace-with is intentionally left blank, indicating that the found text should be deleted.</comment>
				<find><![CDATA[//-- mod: Prime Anti-bot ----------------------------------------------------//
						'prime_captcha_post'	=> array('lang' => 'PRIME_CAPTCHA_POST',	'validate' => 'int',	'type' => 'custom', 'function' => 'prime_captcha_make_options', 'params' => array('{KEY}', '{CONFIG_VALUE}'), 'explain' => true),
//-- end: Prime Anti-bot ----------------------------------------------------//
]]></find>
				<action type="replace-with"><![CDATA[]]></action>
			</edit>
			<edit>
				<comment lang="en">The Replace-with is intentionally left blank, indicating that the found text should be deleted.</comment>
				<find><![CDATA[//-- mod: Prime Anti-bot ----------------------------------------------------//
						'prime_captcha_reg'		=> array('lang' => 'PRIME_CAPTCHA_REG',		'validate' => 'int',	'type' => 'custom', 'function' => 'prime_captcha_make_options', 'params' => array('{KEY}', '{CONFIG_VALUE}'), 'explain' => true),
//-- end: Prime Anti-bot ----------------------------------------------------//
]]></find>
				<action type="replace-with"><![CDATA[]]></action>
			</edit>
			<edit>
				<find><![CDATA[		if (isset($display_vars['lang']))]]></find>
				<action type="before-add"><![CDATA[//-- mod: Prime Anti-bot ----------------------------------------------------//
		include($phpbb_root_path . 'includes/prime_captcha.' . $phpEx);
		$prime_captcha->display_acp_options($display_vars, $mode);
//-- end: Prime Anti-bot ----------------------------------------------------//]]></action>
			</edit>
		</open>


		<open src="includes/posting.php">
			<edit>
				<find><![CDATA[//-- mod: Prime Anti-bot ----------------------------------------------------//
if (!empty($config['prime_captcha_post']) && !$user->data['is_registered'] && in_array($mode, array('quote', 'post', 'reply')))
{
	if (!class_exists('prime_captcha'))
	{
		include($phpbb_root_path . 'includes/prime_captcha.' . $phpEx);
	}
	$prime_captcha = new prime_captcha();
	if ($prime_captcha->error)
	{
		$error[] = $user->lang[$prime_captcha->error];
	}
}
//-- end: Prime Anti-bot ----------------------------------------------------//]]></find>
				<action type="replace-with"><![CDATA[//-- mod: Prime Anti-bot ----------------------------------------------------//
if (!empty($config['prime_captcha_post']) && !$user->data['is_registered'] && in_array($mode, array('quote', 'post', 'reply')))
{
	include($phpbb_root_path . 'includes/prime_captcha.' . $phpEx);
	$prime_captcha->handle_captcha();
	$prime_captcha->update_error($error);
}
//-- end: Prime Anti-bot ----------------------------------------------------//]]></action>
			</edit>
		</open>

		<open src="includes/ucp/ucp_register.php">
			<edit>
				<find><![CDATA[//-- mod: Prime Anti-bot ----------------------------------------------------//
		if (!empty($config['prime_captcha_reg']))
		{
			if (!class_exists('prime_captcha'))
			{
				include($phpbb_root_path . 'includes/prime_captcha.' . $phpEx);
			}
			$prime_captcha = new prime_captcha();
		}
//-- end: Prime Anti-bot ----------------------------------------------------//]]></find>
				<action type="replace-with"><![CDATA[//-- mod: Prime Anti-bot ----------------------------------------------------//
		if (!empty($config['prime_captcha_reg']))
		{
			include($phpbb_root_path . 'includes/prime_captcha.' . $phpEx);
			$prime_captcha->handle_captcha();
		}
//-- end: Prime Anti-bot ----------------------------------------------------//]]></action>
			</edit>
			<edit>
				<find><![CDATA[//-- mod: Prime Anti-bot ----------------------------------------------------//
			if ($prime_captcha->error)
			{
				$error[] = $user->lang[$prime_captcha->error];
			}
//-- end: Prime Anti-bot ----------------------------------------------------//]]></find>
				<action type="replace-with"><![CDATA[//-- mod: Prime Anti-bot ----------------------------------------------------//
			$prime_captcha->update_error($error);
//-- end: Prime Anti-bot ----------------------------------------------------//]]></action>
			</edit>
		</open>

		<open src="styles/prosilver/template/posting_editor.html">
			<edit>
				<find><![CDATA[		<!-- IF PRIME_CAPTCHA_TITLE -->
		<dl>
			<dt><label for="{PRIME_CAPTCHA_FIELD_KEY_RESPONSE}">{PRIME_CAPTCHA_INSTRUCTIONS}:</label></dt>
				<dd>{PRIME_CAPTCHA_KEY_PHRASE}</dd>
				<dd><input type="text" name="{PRIME_CAPTCHA_FIELD_KEY_RESPONSE}" id="{PRIME_CAPTCHA_FIELD_KEY_RESPONSE}" size="30" value="" tabindex="3" class="inputbox narrow" title="{PRIME_CAPTCHA}" />{PRIME_CAPTCHA_HIDDEN_FIELDS}</dd>
		</dl>
		<!-- ENDIF -->
]]></find>
				<action type="replace-with"><![CDATA[		<!-- INCLUDE prime_captcha_inline.html -->]]></action>
			</edit>
	    </open>

		<open src="styles/prosilver/template/ucp_register.html">
			<edit>
				<find><![CDATA[<!-- IF PRIME_CAPTCHA_TITLE -->
	<span class="corners-bottom"><span></span></span></div>
</div>

<div class="panel">
	<div class="inner"><span class="corners-top"><span></span></span>

	<h3>{PRIME_CAPTCHA_TITLE}</h3>
	<p>{PRIME_CAPTCHA_DESCRIPTION}</p>

	<fieldset class="fields2">
	<dl>
		<dt><label for="{PRIME_CAPTCHA_FIELD_KEY_RESPONSE}">{PRIME_CAPTCHA_INSTRUCTIONS}:</label></dt>
		<dd>{PRIME_CAPTCHA_KEY_PHRASE}</dd>
		<dd><input type="text" name="{PRIME_CAPTCHA_FIELD_KEY_RESPONSE}" id="{PRIME_CAPTCHA_FIELD_KEY_RESPONSE}" size="30" value="" tabindex="10" class="inputbox narrow" title="{PRIME_CAPTCHA}" />{PRIME_CAPTCHA_HIDDEN_FIELDS}</dd>
	</dl>
	</fieldset>
<!-- ENDIF -->
]]></find>
				<action type="replace-with"><![CDATA[<!-- INCLUDE prime_captcha_inline.html -->]]></action>
			</edit>
	    </open>
	</action-group>
</mod>