<?xml version="1.0" encoding="utf-8" standalone="yes"?>
<?xml-stylesheet type="text/xsl" href="./xsl/modx.prosilver.en.xsl"?>
<!-- 
	NOTICE: Please open this file in your web browser. If presented with a security warning, you may safely tell it to allow the blocked content.
-->
<!--For security purposes, please check: http://www.phpbb.com/mods/ for the latest version of this MOD. Although MODs are checked before being allowed in the MODs Database there is no guarantee that there are no security problems within the MOD. No support will be given for MODs not found within the MODs Database which can be found at http://www.phpbb.com/mods/-->
<mod xmlns:xsi="http://www.w3.org/2001/XMLSchema-instance" xmlns="http://www.phpbb.com/mods/xml/modx-1.2.2.xsd">
	<header>
		<license>http://opensource.org/licenses/gpl-license.php GNU General Public License v2</license>
		<title lang="en">Prime CAPTCHA</title>
		<description lang="en">This file provides instructions for upgrading the MOD. See the main install file for any additional information about the MOD.</description>
		<author-notes lang="en">This file provides instructions for upgrading the MOD. See the main install file for any additional information about the MOD.</author-notes>
		<author-group>
			<author>
				<realname>Ken F. Innes IV</realname>
				<email>primehalo@gmail.com</email>
				<username>primehalo</username>
				<homepage><![CDATA[http://www.absoluteanime.com/admin/mods.htm#captcha]]></homepage>
			</author>
		</author-group>
		<mod-version>0.0.4</mod-version>
		<installation>
			<level>easy</level>
			<time>180</time>
			<target-version>3.0.RC4</target-version>
		</installation>
	</header>
	<action-group>
		<copy>
			<file from="root/language/en/mods/prime_captcha.php" to="language/en/mods/prime_captcha.php" />
			<file from="root/language/en/mods/prime_captcha_keys.php" to="language/en/mods/prime_captcha_keys.php" />
			<file from="root/includes/prime_captcha.php" to="includes/prime_captcha.php" />
		</copy>

		<open src="includes/acp/acp_board.php">
			<edit>
				<find><![CDATA[		$user->add_lang('acp/board');]]></find>
				<action type="after-add"><![CDATA[//-- mod: Prime CAPTCHA -----------------------------------------------------//
		$user->add_lang('mods/prime_captcha');
		if (!isset($config['prime_captcha_post']))
		{
			set_config('prime_captcha_post', 1);
		}
		if (!isset($config['prime_captcha_reg']))
		{
			set_config('prime_captcha_reg', 1);
		}
//-- end: Prime CAPTCHA -----------------------------------------------------//
]]></action>
			</edit>

			<edit>
				<find><![CDATA[						'override_user_style'	=> array('lang' => 'OVERRIDE_STYLE',		'validate' => 'bool',	'type' => 'radio:yes_no', 'explain' => true),]]></find>
				<action type="after-add"><![CDATA[//-- mod: Prime CAPTCHA -----------------------------------------------------//
						'prime_captcha_post'	=> array('lang' => 'PRIME_CAPTCHA_POST',	'validate' => 'bool',	'type' => 'radio:yes_no', 'explain' => true),
						'prime_captcha_reg'		=> array('lang' => 'PRIME_CAPTCHA_REG',		'validate' => 'bool',	'type' => 'radio:yes_no', 'explain' => true),
//-- end: Prime CAPTCHA -----------------------------------------------------//
]]></action>
			</edit>

			<edit>
				<find><![CDATA[						'enable_post_confirm'	=> array('lang' => 'VISUAL_CONFIRM_POST',	'validate' => 'bool',	'type' => 'radio:yes_no', 'explain' => true),]]></find>
				<action type="after-add"><![CDATA[//-- mod: Prime CAPTCHA -----------------------------------------------------//
						'prime_captcha_post'	=> array('lang' => 'PRIME_CAPTCHA_POST',	'validate' => 'bool',	'type' => 'radio:yes_no', 'explain' => true),
//-- end: Prime CAPTCHA -----------------------------------------------------//
]]></action>
			</edit>

			<edit>
				<find><![CDATA[						'enable_confirm'		=> array('lang' => 'VISUAL_CONFIRM_REG',	'validate' => 'bool',	'type' => 'radio:yes_no', 'explain' => true),]]></find>
				<action type="after-add"><![CDATA[//-- mod: Prime CAPTCHA -----------------------------------------------------//
						'prime_captcha_reg'		=> array('lang' => 'PRIME_CAPTCHA_REG',		'validate' => 'bool',	'type' => 'radio:yes_no', 'explain' => true),
//-- end: Prime CAPTCHA -----------------------------------------------------//
]]></action>
			</edit>
		</open>

		<open src="includes/ucp/ucp_register.php">
			<edit>
				<find><![CDATA[		include_once("{$phpbb_root_path}prime_captcha.{$phpEx}");]]></find>
				<action type="replace-with"><![CDATA[		if (!empty($config['prime_captcha_reg']))
		{
			include_once($phpbb_root_path . 'includes/prime_captcha.' . $phpEx);
		}]]></action>
			</edit>
		</open>


		<open src="posting.php">
			<edit>
				<find><![CDATA[if ($user->data['user_id'] == ANONYMOUS)
{
	include_once("{$phpbb_root_path}prime_captcha.{$phpEx}");
}]]></find>
				<action type="replace-with"><![CDATA[if (!empty($config['prime_captcha_post']) &&  $user->data['user_id'] == ANONYMOUS)
{
	include_once($phpbb_root_path . 'includes/prime_captcha.' . $phpEx);
}]]></action>
			</edit>
		</open>
	<diy-instructions lang="en">Delete the "prime_captcha.php" file that is in the root directory of your board, as from now on it will be located in the "includes" directory.</diy-instructions>
	</action-group>
</mod>