<?xml version="1.0" encoding="utf-8" standalone="yes" ?>
<?xml-stylesheet type="text/xsl" href="modx.prosilver.en.xsl"?>
<!--For security purposes, please check: http://www.phpbb.com/mods/ for the latest version of this MOD. Although MODs are checked before being allowed in the MODs Database there is no guarantee that there are no security problems within the MOD. No support will be given for MODs not found within the MODs Database which can be found at http://www.phpbb.com/mods/-->
<!-- $Id: install.xml 31M 2008-05-09 20:00:00Z (local) $ -->
<mod xmlns:xsi="http://www.w3.org/2001/XMLSchema-instance" xmlns="http://www.phpbb.com/mods/xml/modx-1.2.0.xsd">
	<header>
	<license>http://opensource.org/licenses/gpl-license.php GNU General Public License v2</license>

	<title lang="en-gb">NoQuote in Last Post</title>

	<description lang="en-gb">Disables the function of quoting the last post and replacing it with a reply button.</description>


	<author-notes lang="en-gb"><![CDATA[This is just a way to eliminate the problem that some users using "quote" instead of "reply". 
The MOD will replace they quote button in the last post with a reply/locked button instead. 
Enjoy...]]></author-notes>

    <author-group>
      <author>
        <realname>Eric</realname>
        <email>iericf@gmail.com</email>
        <username>iEric</username>
        <homepage>http://www.phpbb.com/community/viewtopic.php?t=753645</homepage>
      </author>
    </author-group>

    <mod-version>1.2.0</mod-version>

    <installation>
      <level>easy</level>
      <time>300</time>

      <target-version>
        <target-primary>3.0.1</target-primary>
        <target-major allow="exact">3</target-major>
        <target-minor allow="exact">0</target-minor>
      </target-version>

    </installation>

    <history>
	<entry>
        <date>2007-11-12</date>
        <rev-version>1.0.0</rev-version>
        <changelog lang="en-gb">
          <change>Version 1.0.0 is the first release of the MOD.</change>
        </changelog>
      </entry>

	<entry>
        <date>2008-01-15</date>
        <rev-version>1.0.0</rev-version>
        <changelog lang="en-gb">
          <change>3.0.0 Release compatible</change>
        </changelog>
      </entry>

	<entry>
        <date>2008-05-06</date>
        <rev-version>1.2.0</rev-version>
        <changelog lang="en-gb">
          <change>Added reply/lock-button as replacement for the removed quote button. There is a PSD-file inside the "contrib" folder to put your own language on the buttons.</change>
          <change>The release of version 1.2.0</change>
        </changelog>
      </entry>

    </history>

	<link-group>
	  <link type="contrib" href="contrib/Update_1.0.0_to_1.2.0/update.xml" lang="en">Update from 1.0.0 to 1.2.0</link>
	</link-group>

  </header>

 <action-group>

	<copy>
		<file from="root/styles/prosilver/imageset/en/icon_post_locked.gif" to="styles/prosilver/imageset/en/icon_post_locked.gif" />
		<file from="root/styles/prosilver/imageset/en/icon_post_reply.gif" to="styles/prosilver/imageset/en/icon_post_reply.gif" />
	</copy>

    <open src="includes/acp/acp_styles.php">
			<edit>
				<find><![CDATA[			'buttons'	=> array(
				'icon_back_top', 'icon_contact_aim', 'icon_contact_email', 'icon_contact_icq', 'icon_contact_jabber', 'icon_contact_msnm', 'icon_contact_pm', 'icon_contact_yahoo', 'icon_contact_www', 'icon_post_delete', 'icon_post_edit', 'icon_post_info', 'icon_post_quote', 'icon_post_report', 'icon_user_online', 'icon_user_offline', 'icon_user_profile', 'icon_user_search', 'icon_user_warn', 'button_pm_forward', 'button_pm_new', 'button_pm_reply', 'button_topic_locked', 'button_topic_new', 'button_topic_reply',
			),]]></find>
				<inline-edit>
          <inline-find><![CDATA['button_topic_reply']]></inline-find>
          <inline-action type="after-add"><![CDATA[, 'icon_post_reply', 'icon_post_locked']]></inline-action>
        </inline-edit>
	</edit>
		</open>

    <open src="language/en/acp/styles.php">
      <edit>
        <find><![CDATA[	'IMG_ICON_POST_QUOTE'			=> 'Quote post',]]></find>
        <action type="after-add"><![CDATA[//Mod: NoQuote in Last Post
	'IMG_ICON_POST_REPLY'			=> 'MOD: "NoQuote" - Reply',
	'IMG_ICON_POST_LOCKED'			=> 'MOD: "NoQuote" - Locked',]]></action>
      </edit>
    </open>

    <open src="styles/prosilver/imageset/en/imageset.cfg">
      <edit>
        <find><![CDATA[img_button_topic_reply = button_topic_reply.gif*25*96]]></find>
        <action type="after-add"><![CDATA[
# Mod: NoQuote in Last Post
img_icon_post_reply = icon_post_reply.gif*20*54
img_icon_post_locked = icon_post_locked.gif*20*54]]></action>
      </edit>
    </open>
  
    <open src="styles/prosilver/template/viewtopic_body.html">
			<edit>
				<find><![CDATA[					<!-- IF postrow.U_QUOTE --><li class="quote-icon"><a href="{postrow.U_QUOTE}" title="{L_REPLY_WITH_QUOTE}"><span>{L_REPLY_WITH_QUOTE}</span></a></li><!-- ENDIF -->]]></find>
          <action type="before-add"><![CDATA[					<!-- Mod: Noquote in Last Post -->
						<!-- IF postrow.S_LAST_POST and postrow.U_QUOTE and S_DISPLAY_REPLY_INFO --><li class="<!-- IF S_IS_LOCKED -->m-locked-icon<!-- ELSE -->m-reply-icon<!-- ENDIF -->"><a href="{U_POST_REPLY_TOPIC}" title="<!-- IF S_IS_LOCKED -->{L_TOPIC_LOCKED}<!-- ELSE -->{L_POST_REPLY}<!-- ENDIF -->"><!-- IF S_IS_LOCKED --><span>{L_TOPIC_LOCKED_SHORT}</span><!-- ELSE --><span>{L_POST_REPLY}</span><!-- ENDIF --></a></li>]]></action>
				<inline-edit>
					<inline-find>IF postrow.U_QUOTE</inline-find>
					<inline-action type="replace-with">ELSEIF postrow.U_QUOTE</inline-action>
				</inline-edit>
	</edit>
		</open>

    <open src="styles/prosilver/theme/buttons.css">
      <edit>
        <find><![CDATA[ul.profile-icons li.info-icon, ul.profile-icons li.report-icon	{ margin: 0 3px 0 0; }]]></find>
        <action type="after-add"><![CDATA[

/* Mod: NoQuote in Last Post */
.m-reply-icon, .m-reply-icon a, .m-locked-icon, .m-locked-icon a	{ background: none top left no-repeat; }
ul.profile-icons li.m-reply-icon, ul.profile-icons li.m-locked-icon	{ margin: 0 0 0 10px; }
ul.profile-icons li.m-reply-icon	{ width: {IMG_ICON_POST_REPLY_WIDTH}px; height: {IMG_ICON_POST_REPLY_HEIGHT}px; }
ul.profile-icons li.m-locked-icon	{ width: {IMG_ICON_POST_LOCKED_WIDTH}px; height: {IMG_ICON_POST_LOCKED_HEIGHT}px; }]]></action>
      </edit>
    </open>

    <open src="styles/prosilver/theme/colours.css">
      <edit>
        <find><![CDATA[/*  	
--------------------------------------------------------------
Colours and backgrounds for cp.css]]></find>
        <action type="before-add"><![CDATA[/* Mod: NoQuote in Last Post */
.m-reply-icon, .m-reply-icon a		{ background-image: url("{IMG_ICON_POST_REPLY_SRC}"); }
.m-locked-icon, .m-locked-icon a	{ background-image: url("{IMG_ICON_POST_LOCKED_SRC}"); }

]]></action>
      </edit>
    </open>

    <open src="viewtopic.php">
      <edit>
        <find><![CDATA[		'S_IGNORE_POST'		=> ($row['hide_post']) ? true : false,]]></find>
        <action type="before-add"><![CDATA[	// Mod: NoQuote in Last Post
		'S_LAST_POST'		=> ($topic_data['topic_last_post_id'] == $row['post_id']) ? true : false,]]></action>
      </edit>
    </open>

	<diy-instructions lang="en-gb">Before you do this: Backup the files you're about to edit.

When you're done: Don't forget to purge the cache, update the imageset and refresh the theme.</diy-instructions>

  </action-group>
</mod>